﻿<?xml version="1.0"?>
<doc>
<assembly>
<name>
NJRAT
</name>
</assembly>
<members>
<member name="P:NJRAT.My.Resources.Resources.ResourceManager">
	<summary>
  Returns the cached ResourceManager instance used by this class.
</summary>
</member><member name="P:NJRAT.My.Resources.Resources.Culture">
	<summary>
  Overrides the current thread's CurrentUICulture property for all
  resource lookups using this strongly typed resource class.
</summary>
</member><member name="P:NJRAT.My.Resources.Resources.bullet_arrow_down">
	<summary>
  Looks up a localized resource of type System.Drawing.Bitmap.
</summary>
</member><member name="P:NJRAT.My.Resources.Resources.bullet_arrow_up">
	<summary>
  Looks up a localized resource of type System.Drawing.Bitmap.
</summary>
</member><member name="P:NJRAT.My.Resources.Resources.control_pause_blue">
	<summary>
  Looks up a localized resource of type System.Drawing.Bitmap.
</summary>
</member><member name="P:NJRAT.My.Resources.Resources.control_play_blue">
	<summary>
  Looks up a localized resource of type System.Drawing.Bitmap.
</summary>
</member><member name="P:NJRAT.My.Resources.Resources.icon">
	<summary>
  Looks up a localized resource of type System.Drawing.Icon similar to (Icon).
</summary>
</member><member name="P:NJRAT.My.Resources.Resources.JPEG">
	<summary>
  Looks up a localized resource of type System.Drawing.Bitmap.
</summary>
</member><member name="P:NJRAT.My.Resources.Resources.notf">
	<summary>
  Looks up a localized string similar to              {5}
	  {6}
PC	: {0}
USR	: {1}
OS	: {2}
CO	: {3}
VR	: {4}.
</summary>
</member><member name="P:NJRAT.My.Resources.Resources.RichTextBox1">
	<summary>
  Looks up a localized string similar to Project		: njRat
Verison		: 0.7d
Coded By		: njq8
FireFox Stealer	: DarkSel
Paltalk Stealer	: pr0t0fag
Chrome Stealer	: RockingWithTheBest
Opera Stealer	: Black-Blood, KingCobra
Icon Changer	: Miharbi
WinMM.Net	: John Gietzen
Thnx To		: MaSad ,CoBrAxXx
Twitter		: https://twitter.com/njq8.
</summary>
</member><member name="T:NJRAT.My.Resources.Resources">
	<summary>
  A strongly-typed resource class, for looking up localized strings, etc.
</summary>
</member>
</members>
</doc>